,pincode,RURAL,URBAN
0,560036.0,753,6310
1,560049.0,1319,5782
2,562106.0,997,4134
3,560068.0,1710,17035
4,560066.0,398,4590
5,561203.0,11315,374
6,560099.0,1593,6487
7,560030.0,122,2327
8,560090.0,679,3685
9,560057.0,352,4286
10,560027.0,186,4268
11,562114.0,6456,420
12,560058.0,888,15405
13,560039.0,153,2686
14,560091.0,1872,22221
15,560076.0,686,10126
16,561210.0,9,2
17,560016.0,530,6961
18,560060.0,845,6528
19,560105.0,1200,4282
20,562123.0,7785,2543
21,562132.0,1033,47
22,560061.0,394,6489
23,560079.0,416,10127
24,562107.0,884,2977
25,562129.0,1574,159
26,562130.0,1209,2986
27,560048.0,308,4242
28,562110.0,4742,276
29,560035.0,339,2929
30,562111.0,2443,111
31,562163.0,83,47
32,560001.0,163,3883
33,560070.0,210,4402
34,560073.0,895,7610
35,560075.0,146,2737
36,560072.0,304,6550
37,560017.0,159,1888
38,562157.0,747,1625
39,560086.0,149,3503
40,562135.0,2407,39
41,560053.0,200,5960
42,560100.0,1354,9362
43,562162.0,898,1981
44,560042.0,43,885
45,560034.0,125,2505
46,560064.0,1240,12909
47,560067.0,2431,3832
48,560089.0,303,911
49,560092.0,229,3786
50,560003.0,135,3698
51,560056.0,355,5489
52,560032.0,392,7620
53,562149.0,582,1712
54,560077.0,510,5978
55,560037.0,456,6504
56,560093.0,95,1484
57,562105.0,94,81
58,562122.0,1724,53
59,561207.0,28,15
60,560096.0,231,3379
61,561202.0,11,9
62,560043.0,605,11227
63,560040.0,210,5259
64,562120.0,96,107
65,560078.0,615,11868
66,561204.0,1035,42
67,560026.0,348,7412
68,562125.0,742,2817
69,560084.0,166,3010
70,560050.0,146,3445
71,560083.0,944,5746
72,560023.0,220,4578
73,560094.0,166,4077
74,560087.0,526,2549
75,561205.0,551,18
76,560021.0,184,5126
77,562101.0,86,39
78,562016.0,5,17
79,563137.0,10,8
80,560013.0,78,1309
81,560069.0,50,1014
82,560005.0,107,1994
83,560062.0,709,7328
84,563117.0,4,3
85,560051.0,72,1457
86,636803.0,1,0
87,561101.0,43,14
88,560015.0,110,1902
89,560045.0,364,5067
90,560022.0,297,4558
91,560082.0,404,2081
92,560098.0,295,4607
93,560085.0,386,7635
94,562158.0,1,4
95,560004.0,115,3723
96,561110.0,1,0
97,562013.0,3,0
98,562102.0,78,20
99,560010.0,232,6913
100,562154.0,1,0
101,560108.0,32,296
102,560054.0,165,3134
103,560008.0,201,3371
104,560097.0,423,6541
105,560074.0,345,1769
106,560002.0,324,8671
107,560020.0,33,1464
108,560125.0,5,4
109,560102.0,303,6723
110,562124.0,11,4
111,562109.0,190,179
112,560041.0,104,2332
113,560014.0,14,170
114,560095.0,79,2004
115,585303.0,1,0
116,560047.0,202,3639
117,510091.0,1,0
118,561208.0,23,17
119,562117.0,100,79
120,560046.0,52,1072
121,560038.0,131,3251
122,572123.0,17,9
123,560081.0,34,188
124,570060.0,1,2
125,560011.0,116,3228
126,560024.0,151,3014
127,560006.0,38,544
128,563160.0,50,28
129,562100.0,11,2
130,565621.0,3,0
131,560025.0,43,1543
132,560103.0,219,2451
133,560065.0,42,652
134,562108.0,15,9
135,562112.0,136,96
136,560033.0,134,2177
137,560071.0,35,1122
138,562127.0,116,52
139,571435.0,1,1
140,583229.0,1,1
141,560106.0,35,94
142,562159.0,86,72
143,560110.0,33,406
144,560018.0,124,2894
145,560029.0,202,3451
146,563130.0,114,41
147,572129.0,6,6
148,600035.0,1,0
149,572111.0,10,5
150,562140.0,3,2
151,560063.0,85,669
152,560113.0,3,91
153,563131.0,20,13
154,572135.0,6,2
155,577501.0,3,7
156,561201.0,24,11
157,571440.0,2,4
158,546002.0,1,0
159,532123.0,1,0
160,560313.0,1,0
161,563129.0,11,5
162,560111.0,7,131
163,563114.0,17,8
164,560019.0,63,1760
165,583132.0,1,1
166,570016.0,3,14
167,552149.0,1,1
168,563101.0,61,35
169,574230.0,4,5
170,562103.0,97,15
171,500081.0,1,2
172,572106.0,4,8
173,590049.0,1,0
174,560028.0,36,1028
175,635114.0,2,1
176,560059.0,62,804
177,561240.0,1,0
178,562160.0,32,32
179,561024.0,3,0
180,515134.0,1,0
181,560009.0,51,1082
182,573116.0,3,3
183,562133.0,3,0
184,571419.0,1,1
185,563128.0,25,3
186,572138.0,3,2
187,573118.0,1,0
188,562104.0,43,17
189,563139.0,11,9
190,563163.0,2,1
191,560114.0,19,137
192,560088.0,136,440
193,560052.0,18,683
194,571443.0,2,1
195,562119.0,22,14
196,563125.0,38,15
197,570019.0,2,2
198,560107.0,81,194
199,586205.0,1,0
200,582106.0,1,0
201,562067.0,1,0
202,562126.0,33,27
203,313604.0,1,0
204,560112.0,11,94
205,561228.0,4,4
206,590001.0,4,2
207,570049.0,2,2
208,561213.0,29,10
209,563133.0,18,7
210,590006.0,4,3
211,563116.0,5,6
212,562121.0,24,19
213,591120.0,1,0
214,560080.0,9,449
215,562131.0,30,8
216,562138.0,16,11
217,560116.0,12,58
218,560007.0,2,68
219,571432.0,7,3
220,563136.0,7,3
221,572104.0,15,6
222,572102.0,2,15
223,450043.0,1,1
224,562164.0,36,2
225,566120.0,1,0
226,572216.0,3,3
227,500037.0,1,0
228,560109.0,54,560
229,563213.0,2,0
230,566007.0,2,2
231,571108.0,2,1
232,530099.0,1,0
233,572130.0,14,20
234,591237.0,5,1
235,570079.0,1,4
236,560123.0,11,7
237,573115.0,2,0
238,550099.0,1,0
239,590010.0,2,3
240,560115.0,14,39
241,560212.0,1,0
242,600114.0,1,0
243,532111.0,2,0
244,571418.0,2,1
245,563122.0,2,7
246,635109.0,8,14
247,562165.0,25,2
248,560055.0,19,585
249,576111.0,1,1
250,562214.0,9,1
251,572122.0,11,1
252,562017.0,4,17
253,560117.0,42,7
254,561209.0,6,6
255,577548.0,2,3
256,551204.0,1,0
257,572227.0,2,1
258,584125.0,1,0
259,572140.0,7,3
260,561257.0,14,0
261,563135.0,9,5
262,562210.0,3,0
263,572157.0,4,1
264,583102.0,1,3
265,591213.0,1,0
266,530301.0,1,0
267,584120.0,1,0
268,563138.0,1,4
269,550056.0,1,1
270,560300.0,18,10
271,572118.0,1,2
272,563121.0,8,5
273,569964.0,1,0
274,572142.0,3,1
275,581349.0,1,0
276,636810.0,1,0
277,540064.0,1,1
278,562139.0,1,2
279,575001.0,2,4
280,590014.0,1,1
281,585308.0,1,0
282,561013.0,1,0
283,562136.0,5,0
284,394221.0,1,0
285,586104.0,2,2
286,500059.0,1,0
287,581202.0,1,0
288,571426.0,2,4
289,561232.0,3,1
290,605001.0,1,0
291,566009.0,1,3
292,572101.0,9,8
293,571605.0,1,1
294,560012.0,5,78
295,560976.0,1,0
296,552132.0,2,0
297,572105.0,1,2
298,580091.0,1,0
299,562156.0,2,2
300,572218.0,1,4
301,571235.0,1,0
302,562116.0,2,2
303,561124.0,3,1
304,591224.0,2,0
305,570030.0,1,3
306,571606.0,1,1
307,571422.0,3,1
308,561206.0,12,2
309,560044.0,10,521
310,571120.0,3,3
311,500066.0,1,0
312,574110.0,1,0
313,561023.0,3,0
314,540014.0,1,0
315,530067.0,1,1
316,560199.0,1,1
317,561229.0,1,8
318,573001.0,1,0
319,450033.0,1,0
320,577227.0,1,0
321,591215.0,1,0
322,562199.0,1,1
323,576123.0,1,0
324,572121.0,2,5
325,662123.0,1,0
326,571214.0,1,0
327,562220.0,1,0
328,650097.0,1,0
329,585102.0,3,4
330,566083.0,1,2
331,570064.0,1,4
332,571201.0,2,0
333,591307.0,1,0
334,560862.0,2,1
335,530068.0,2,15
336,562007.0,2,0
337,516205.0,1,0
338,572143.0,1,0
339,651203.0,1,0
340,591214.0,1,0
341,580062.0,1,0
342,560836.0,2,1
343,586208.0,1,0
344,560104.0,6,532
345,563132.0,8,4
346,516203.0,1,0
347,577146.0,1,1
348,561236.0,1,0
349,501453.0,1,0
350,562178.0,1,0
351,560129.0,1,0
352,561503.0,5,0
353,571401.0,2,8
354,450032.0,1,0
355,572213.0,2,6
356,572126.0,7,3
357,577566.0,1,0
358,591241.0,2,1
359,583238.0,1,0
360,560949.0,1,1
361,572137.0,1,1
362,563123.0,6,5
363,563134.0,1,1
364,580058.0,1,3
365,560987.0,1,0
366,575020.0,2,2
367,591128.0,1,0
368,564211.0,1,0
369,577532.0,1,0
370,506313.0,1,0
371,585211.0,1,0
372,583101.0,2,7
373,560101.0,1,19
374,632519.0,1,0
375,586130.0,1,0
376,577005.0,1,2
377,562457.0,1,0
378,577002.0,2,0
379,560162.0,2,5
380,560149.0,1,5
381,671322.0,1,0
382,584122.0,1,0
383,585402.0,1,0
384,560122.0,2,1
385,571455.0,1,2
386,572168.0,3,1
387,586214.0,1,0
388,561230.0,7,4
389,540099.0,1,0
390,508114.0,1,0
391,401107.0,1,1
392,560867.0,2,1
393,569068.0,1,0
394,570100.0,2,3
395,571205.0,1,0
396,566106.0,2,0
397,577001.0,1,3
398,572127.0,2,2
399,560000.0,3,27
400,561123.0,1,0
401,563106.0,1,1
402,573201.0,5,14
403,561211.0,14,7
404,848213.0,1,0
405,400703.0,1,0
406,571415.0,2,0
407,638003.0,1,0
408,542123.0,1,0
409,562128.0,15,17
410,572110.0,3,0
411,562312.0,1,1
412,573162.0,1,0
413,560411.0,1,0
414,563146.0,3,3
415,591115.0,2,0
416,561200.0,3,1
417,562115.0,3,0
418,561025.0,1,0
419,571127.0,1,0
420,576211.0,1,0
421,572132.0,6,4
422,561212.0,6,3
423,571434.0,2,1
424,566005.0,1,3
425,500643.0,1,0
426,581320.0,2,1
427,570037.0,1,2
428,515671.0,1,0
429,591129.0,1,0
430,450034.0,1,0
431,570072.0,1,6
432,571445.0,2,0
433,570073.0,4,4
434,577558.0,1,1
435,522111.0,1,0
436,571122.0,1,1
437,572201.0,3,14
438,562145.0,1,1
439,571203.0,6,0
440,552114.0,1,1
441,577120.0,1,0
442,577557.0,2,0
443,562757.0,1,0
444,563124.0,4,3
445,562142.0,1,0
446,570077.0,1,0
447,583230.0,1,0
448,591305.0,1,0
449,572125.0,2,6
450,571429.0,2,5
451,562310.0,1,3
452,560964.0,3,3
453,400050.0,1,0
454,518301.0,1,0
455,552123.0,2,1
456,563115.0,1,1
457,562215.0,1,0
458,571416.0,1,2
459,584115.0,2,0
460,580105.0,1,0
461,625007.0,1,0
462,563126.0,3,2
463,828404.0,1,0
464,561305.0,1,0
465,582123.0,1,0
466,575023.0,1,0
467,563149.0,1,1
468,570020.0,1,1
469,460017.0,1,0
470,573128.0,1,0
471,571124.0,1,1
472,635107.0,2,1
473,586123.0,2,6
474,560132.0,1,0
475,561612.0,1,0
476,562144.0,7,0
477,532101.0,1,0
478,560937.0,1,0
479,570097.0,1,6
480,517501.0,1,1
481,562213.0,1,2
482,577213.0,1,2
483,561220.0,1,0
484,572114.0,3,0
485,561280.0,1,0
486,552110.0,3,0
487,570076.0,2,10
488,591302.0,2,0
489,561312.0,1,0
490,570007.0,2,3
491,563102.0,2,2
492,572149.0,2,0
493,560933.0,1,0
494,600067.0,1,0
495,570057.0,2,0
496,560848.0,1,0
497,632004.0,1,0
498,585103.0,2,2
499,560127.0,2,1
500,585319.0,1,0
501,583134.0,1,0
502,563120.0,2,2
503,583201.0,1,4
504,506652.0,1,0
505,571463.0,1,0
506,591231.0,1,0
507,577130.0,1,0
508,572224.0,1,2
509,450048.0,1,0
510,577538.0,2,0
511,562749.0,1,0
512,563162.0,1,1
513,564004.0,1,0
514,562031.0,1,0
515,560216.0,1,0
516,500072.0,1,2
517,571311.0,1,0
518,570043.0,1,2
519,586005.0,1,1
520,569120.0,1,0
521,580102.0,1,0
522,570018.0,1,8
523,500105.0,1,0
524,584129.0,1,0
525,560130.0,1,9
526,571433.0,1,3
527,562097.0,1,0
528,305901.0,1,0
529,460085.0,1,1
530,571236.0,3,1
531,563113.0,1,1
532,571101.0,1,3
533,568005.0,1,0
534,460100.0,1,0
535,560966.0,1,0
536,530058.0,1,0
537,571421.0,3,4
538,517591.0,1,0
539,566099.0,1,1
540,502110.0,1,1
541,517325.0,1,1
542,562168.0,1,0
543,335513.0,1,0
544,563127.0,1,0
545,562315.0,3,0
546,530083.0,1,0
547,577522.0,2,3
548,560121.0,1,2
549,540043.0,1,1
550,572112.0,1,1
551,571111.0,2,0
552,561263.0,1,1
553,573213.0,1,4
554,572120.0,2,6
555,591317.0,1,3
556,591108.0,1,2
557,560660.0,1,0
558,560932.0,1,3
559,560668.0,1,1
560,600088.0,1,0
561,570001.0,1,6
562,246546.0,1,0
563,561303.0,1,0
564,572117.0,2,2
565,566092.0,1,1
566,561215.0,1,0
567,577134.0,1,1
568,400078.0,1,1
569,562153.0,1,0
570,572124.0,1,1
571,577541.0,1,0
572,586129.0,1,0
573,517422.0,1,0
574,561235.0,4,0
575,566068.0,1,5
576,570067.0,2,2
577,500647.0,1,0
578,695017.0,1,0
579,571125.0,1,0
580,572139.0,2,0
581,573216.0,1,1
582,562177.0,1,0
583,640089.0,1,0
584,562014.0,1,0
585,585314.0,1,1
586,562612.0,1,1
587,571511.0,2,4
588,572214.0,1,1
589,416410.0,1,0
590,585101.0,1,3
591,570015.0,1,1
592,563161.0,3,0
593,569973.0,1,1
594,560031.0,2,23
595,635810.0,1,0
596,635118.0,1,1
597,591123.0,1,0
598,577519.0,2,1
599,582112.0,1,0
600,567114.0,1,0
601,577419.0,1,0
602,587301.0,1,1
603,571232.0,1,2
604,585302.0,1,0
605,562015.0,1,1
606,580048.0,1,0
607,560301.0,1,0
608,560205.0,1,0
609,635103.0,1,2
610,570017.0,2,6
611,573112.0,2,1
612,500051.0,1,0
613,571234.0,1,3
614,585316.0,1,1
615,564646.0,1,0
616,573144.0,1,0
617,562006.0,1,0
618,571438.0,1,2
619,577140.0,1,0
620,571424.0,1,1
621,562134.0,1,0
622,411033.0,1,0
623,574213.0,2,0
624,550070.0,1,0
625,567007.0,1,0
626,572107.0,3,6
627,551203.0,2,0
628,462114.0,1,0
629,561223.0,1,0
630,635105.0,1,1
631,572128.0,2,6
632,570022.0,1,4
633,501236.0,1,0
634,590016.0,1,1
635,635110.0,1,0
636,571428.0,1,4
637,585222.0,2,1
638,577597.0,1,1
639,571301.0,1,0
640,577201.0,1,8
641,570062.0,1,2
642,523226.0,1,0
643,571105.0,2,4
644,572222.0,1,1
645,571204.0,2,0
646,570105.0,2,2
647,571444.0,1,3
648,556006.0,1,0
649,565120.0,1,0
650,500083.0,1,0
651,577136.0,1,0
652,591102.0,1,0
653,562167.0,1,3
654,585104.0,1,4
655,591156.0,1,0
656,577101.0,1,3
657,560118.0,1,0
658,590099.0,2,0
659,173211.0,1,0
660,573103.0,1,0
661,360004.0,1,0
662,577429.0,1,0
663,395006.0,1,0
664,573214.0,1,1
665,502130.0,1,0
666,575005.0,1,0
667,562423.0,2,0
668,572215.0,1,1
669,562166.0,1,3
670,560144.0,1,0
671,573142.0,1,0
672,635206.0,1,0
673,411052.0,1,0
674,571405.0,1,3
675,562562.0,1,0
676,560832.0,1,1
677,841421.0,1,0
678,573102.0,1,3
679,174101.0,1,0
680,462129.0,1,0
681,577526.0,1,1
682,566117.0,1,0
683,585202.0,1,0
684,566123.0,1,0
685,590005.0,1,1
686,,0,0
687,562311.0,1,0
688,574203.0,1,0
689,570048.0,1,0
690,517429.0,1,0
691,585214.0,1,0
692,515201.0,1,1
693,635202.0,1,1
694,500026.0,1,0
695,517247.0,1,2
696,556009.0,1,1
697,721453.0,1,0
698,570010.0,1,2
699,591254.0,1,0
700,562001.0,1,0
701,587102.0,1,0
702,570058.0,1,5
703,561262.0,1,3
704,460074.0,1,0
705,587312.0,1,0
706,591113.0,1,1
707,573218.0,1,0
708,561320.0,1,0
709,500002.0,1,0
710,607201.0,1,0
711,651204.0,1,0
712,572103.0,1,6
713,590003.0,1,3
714,556214.0,1,0
715,563218.0,1,0
716,562323.0,1,0
717,609604.0,1,0
718,523110.0,1,0
719,502114.0,1,0
720,635126.0,1,1
721,570068.0,1,7
722,576230.0,1,1
723,244715.0,1,0
724,569967.0,1,0
725,572116.0,1,3
726,561249.0,1,1
727,560120.0,2,4
728,577223.0,1,0
729,565123.0,1,1
730,635122.0,1,0
731,572220.0,1,2
732,460091.0,1,1
733,577112.0,1,0
734,343012.0,1,0
735,563148.0,1,0
736,573131.0,1,3
737,572141.0,1,0
738,560990.0,1,0
739,591212.0,1,0
740,672110.0,1,0
741,534260.0,0,1
742,571430.0,0,8
743,635117.0,0,2
744,560968.0,0,1
745,563119.0,0,2
746,500078.0,0,3
747,566043.0,0,2
748,540049.0,0,1
749,500028.0,0,2
750,550053.0,0,1
751,400614.0,0,1
752,573132.0,0,1
753,577004.0,0,8
754,600056.0,0,1
755,517569.0,0,1
756,572162.0,0,1
757,500041.0,0,1
758,562003.0,0,1
759,582114.0,0,1
760,575002.0,0,3
761,574154.0,0,1
762,570029.0,0,3
763,576224.0,0,1
764,560552.0,0,1
765,568039.0,0,1
766,506100.0,0,1
767,577204.0,0,5
768,586101.0,0,2
769,600079.0,0,1
770,577536.0,0,1
771,574285.0,0,1
772,535004.0,0,1
773,562517.0,0,2
774,460047.0,0,1
775,560999.0,0,2
776,574241.0,0,1
777,400072.0,0,2
778,566060.0,0,3
779,606904.0,0,1
780,506035.0,0,1
781,577502.0,0,2
782,575014.0,0,2
783,650066.0,0,1
784,734004.0,0,1
785,695501.0,0,1
786,600076.0,0,1
787,575003.0,0,4
788,411028.0,0,1
789,110018.0,0,1
790,500004.0,0,1
791,660064.0,0,1
792,560929.0,0,1
793,570021.0,0,3
794,560983.0,0,1
795,341025.0,0,1
796,571404.0,0,4
797,584101.0,0,3
798,576232.0,0,1
799,637002.0,0,1
800,570012.0,0,3
801,570069.0,0,2
802,500019.0,0,4
803,605701.0,0,1
804,586004.0,0,1
805,530035.0,0,2
806,700159.0,0,1
807,573220.0,0,1
808,606709.0,0,2
809,712501.0,0,1
810,577601.0,0,3
811,590069.0,0,1
812,635108.0,0,1
813,581350.0,0,1
814,583218.0,0,1
815,570078.0,0,4
816,450079.0,0,1
817,570091.0,0,8
818,517123.0,0,1
819,571501.0,0,1
820,577521.0,0,1
821,563110.0,0,1
822,560958.0,0,2
823,625003.0,0,1
824,571446.0,0,3
825,573211.0,0,4
826,600034.0,0,1
827,517408.0,0,2
828,572225.0,0,1
829,521213.0,0,1
830,570071.0,0,1
831,563005.0,0,2
832,570061.0,0,3
833,587204.0,0,1
834,550004.0,0,1
835,566058.0,0,4
836,575025.0,0,1
837,400043.0,0,1
838,605510.0,0,1
839,562146.0,0,1
840,566077.0,0,2
841,581358.0,0,1
842,751010.0,0,1
843,581120.0,0,1
844,590100.0,0,1
845,570045.0,0,3
846,580085.0,0,2
847,500032.0,0,1
848,570087.0,0,2
849,812001.0,0,1
850,221502.0,0,1
851,360068.0,0,2
852,550026.0,0,1
853,560653.0,0,1
854,570096.0,0,2
855,530094.0,0,1
856,550029.0,0,3
857,560985.0,0,1
858,580026.0,0,3
859,500009.0,0,1
860,752054.0,0,1
861,569009.0,0,3
862,566056.0,0,3
863,652129.0,0,1
864,577205.0,0,3
865,562152.0,0,3
866,566089.0,0,2
867,500061.0,0,2
868,561000.0,0,1
869,516193.0,0,1
870,570040.0,0,3
871,562184.0,0,1
872,580079.0,0,1
873,500099.0,0,1
874,636808.0,0,1
875,560883.0,0,1
876,550096.0,0,2
877,566003.0,0,1
878,566034.0,0,1
879,566021.0,0,2
880,550087.0,0,1
881,570026.0,0,6
882,566091.0,0,2
883,566067.0,0,1
884,550083.0,0,1
885,577138.0,0,1
886,400095.0,0,1
887,566072.0,0,3
888,571604.0,0,2
889,560560.0,0,4
890,570011.0,0,4
891,577533.0,0,2
892,560230.0,0,2
893,636701.0,0,1
894,540077.0,0,1
895,585216.0,0,2
896,650033.0,0,1
897,515291.0,0,1
898,562419.0,0,3
899,560946.0,0,1
900,660086.0,0,1
901,560210.0,0,2
902,583131.0,0,2
903,566049.0,0,1
904,562161.0,0,5
905,570033.0,0,1
906,576000.0,0,1
907,600107.0,0,2
908,566063.0,0,1
909,660097.0,0,1
910,244001.0,0,1
911,560916.0,0,1
912,411015.0,0,1
913,570093.0,0,1
914,562004.0,0,1
915,570090.0,0,1
916,577401.0,0,8
917,569097.0,0,1
918,635751.0,0,2
919,580028.0,0,1
920,570023.0,0,12
921,565006.0,0,1
922,560975.0,0,1
923,577528.0,0,3
924,577133.0,0,1
925,574116.0,0,1
926,678534.0,0,1
927,570028.0,0,6
928,568036.0,0,1
929,580030.0,0,2
930,625516.0,0,1
931,520067.0,0,1
932,571189.0,0,1
933,500062.0,0,4
934,530076.0,0,1
935,581359.0,0,1
936,650027.0,0,1
937,650110.0,0,1
938,400063.0,0,1
939,560861.0,0,1
940,568007.0,0,1
941,562201.0,0,1
942,576219.0,0,1
943,580077.0,0,1
944,586217.0,0,1
945,580023.0,0,3
946,560150.0,0,4
947,570050.0,0,1
948,566036.0,0,1
949,590064.0,0,2
950,650060.0,0,1
951,650062.0,0,1
952,500007.0,0,1
953,581560.0,0,1
954,564921.0,0,1
955,566004.0,0,1
956,560405.0,0,2
957,760103.0,0,1
958,570070.0,0,1
959,460023.0,0,1
960,400064.0,0,2
961,569096.0,0,1
962,570075.0,0,1
963,566037.0,0,3
964,572113.0,0,1
965,560119.0,0,5
966,500085.0,0,1
967,571423.0,0,2
968,515001.0,0,2
969,500049.0,0,2
970,570099.0,0,2
971,556016.0,0,1
972,566073.0,0,4
973,630561.0,0,1
974,641041.0,0,2
975,560868.0,0,2
976,571252.0,0,1
977,577132.0,0,3
978,506699.0,0,1
979,585401.0,0,4
980,509210.0,0,2
981,561001.0,0,1
982,569105.0,0,2
983,566066.0,0,1
984,566098.0,0,1
985,600042.0,0,1
986,560939.0,0,1
987,585331.0,0,1
988,260032.0,0,1
989,576105.0,0,1
990,580021.0,0,2
991,562147.0,0,3
992,515865.0,0,1
993,590091.0,0,5
994,570034.0,0,2
995,571130.0,0,2
996,585326.0,0,1
997,712146.0,0,1
998,221109.0,0,2
999,571607.0,0,1
1000,500001.0,0,2
1001,540068.0,0,1
1002,570051.0,0,1
1003,560826.0,0,1
1004,571129.0,0,1
1005,562148.0,0,3
1006,562010.0,0,3
1007,560690.0,0,1
1008,600095.0,0,1
1009,650100.0,0,1
1010,500079.0,0,2
1011,566040.0,0,1
1012,571427.0,0,1
1013,583227.0,0,1
1014,600090.0,0,1
1015,584128.0,0,2
1016,500095.0,0,1
1017,500016.0,0,4
1018,516504.0,0,1
1019,400068.0,0,1
1020,566053.0,0,1
1021,570002.0,0,2
1022,500050.0,0,3
1023,851211.0,0,1
1024,110059.0,0,2
1025,560526.0,0,1
1026,570005.0,0,1
1027,635805.0,0,1
1028,600060.0,0,1
1029,573111.0,0,1
1030,585810.0,0,1
1031,565130.0,0,2
1032,577527.0,0,1
1033,605766.0,0,1
1034,624710.0,0,1
1035,560849.0,0,1
1036,576214.0,0,3
1037,560864.0,0,1
1038,572136.0,0,3
1039,540045.0,0,1
1040,540074.0,0,1
1041,526107.0,0,3
1042,566078.0,0,3
1043,562137.0,0,1
1044,577546.0,0,1
1045,585221.0,0,1
1046,591220.0,0,1
1047,590029.0,0,2
1048,517426.0,0,1
1049,550073.0,0,1
1050,562259.0,0,1
1051,570004.0,0,2
1052,650091.0,0,2
1053,577099.0,0,1
1054,583236.0,0,1
1055,566070.0,0,4
1056,560896.0,0,1
1057,533241.0,0,1
1058,110076.0,0,1
1059,556005.0,0,2
1060,590008.0,0,4
1061,577215.0,0,2
1062,411003.0,0,1
1063,500336.0,0,1
1064,650080.0,0,1
1065,577513.0,0,1
1066,581327.0,0,1
1067,571402.0,0,3
1068,600021.0,0,1
1069,560677.0,0,2
1070,460058.0,0,1
1071,460077.0,0,1
1072,566690.0,0,1
1073,581110.0,0,2
1074,411044.0,0,1
1075,505532.0,0,1
1076,526162.0,0,1
1077,515591.0,0,1
1078,560558.0,0,1
1079,570116.0,0,1
1080,650064.0,0,2
1081,303303.0,0,1
1082,360008.0,0,1
1083,562012.0,0,1
1084,110001.0,0,1
1085,562151.0,0,1
1086,574225.0,0,1
1087,626101.0,0,1
1088,415301.0,0,1
1089,260010.0,0,1
1090,500035.0,0,1
1091,573134.0,0,4
1092,577202.0,0,1
1093,585328.0,0,1
1094,573125.0,0,1
1095,530102.0,0,1
1096,580032.0,0,1
1097,566015.0,0,2
1098,600018.0,0,1
1099,570085.0,0,3
1100,550008.0,0,1
1101,760073.0,0,1
1102,585225.0,0,1
1103,574214.0,0,2
1104,550030.0,0,1
1105,573341.0,0,1
1106,560661.0,0,3
1107,500082.0,0,1
1108,788110.0,0,1
1109,733503.0,0,1
1110,460043.0,0,3
1111,576226.0,0,1
1112,600066.0,0,1
1113,641603.0,0,1
1114,500076.0,0,1
1115,570027.0,0,3
1116,396001.0,0,1
1117,673575.0,0,1
1118,590022.0,0,1
1119,574151.0,0,1
1120,577301.0,0,4
1121,571417.0,0,1
1122,500068.0,0,2
1123,565007.0,0,2
1124,502325.0,0,1
1125,563107.0,0,3
1126,576104.0,0,1
1127,561100.0,0,1
1128,577422.0,0,1
1129,570008.0,0,6
1130,560686.0,0,1
1131,456005.0,0,1
1132,533101.0,0,2
1133,637207.0,0,1
1134,400099.0,0,1
1135,580011.0,0,3
1136,584111.0,0,1
1137,565009.0,0,2
1138,516257.0,0,2
1139,500058.0,0,2
1140,500008.0,0,2
1141,574206.0,0,1
1142,860085.0,0,2
1143,562005.0,0,1
1144,585304.0,0,2
1145,622515.0,0,1
1146,560557.0,0,1
1147,571218.0,0,1
1148,517416.0,0,1
1149,382421.0,0,1
1150,590096.0,0,1
1151,570056.0,0,1
1152,530062.0,0,1
1153,585403.0,0,2
1154,526007.0,0,1
1155,565003.0,0,1
1156,570036.0,0,3
1157,569968.0,0,1
1158,574242.0,0,1
1159,560190.0,0,1
1160,569949.0,0,1
1161,566212.0,0,1
1162,585218.0,0,1
1163,605230.0,0,1
1164,556007.0,0,1
1165,506008.0,0,1
1166,650065.0,0,2
1167,573124.0,0,3
1168,460068.0,0,1
1169,566045.0,0,2
1170,562657.0,0,1
1171,566162.0,0,3
1172,500097.0,0,1
1173,580009.0,0,1
1174,560801.0,0,1
1175,600073.0,0,2
1176,641042.0,0,1
1177,635651.0,0,1
1178,460084.0,0,1
1179,636813.0,0,2
1180,502032.0,0,1
1181,561162.0,0,1
1182,581329.0,0,1
1183,586203.0,0,1
1184,575006.0,0,2
1185,636109.0,0,1
1186,566048.0,0,2
1187,581104.0,0,1
1188,460102.0,0,1
1189,570103.0,0,1
1190,570047.0,0,4
1191,641047.0,0,1
1192,515501.0,0,1
1193,629802.0,0,1
1194,396321.0,0,1
1195,574221.0,0,1
1196,560679.0,0,1
1197,560641.0,0,1
1198,566074.0,0,1
1199,670671.0,0,1
1200,581115.0,0,2
1201,586232.0,0,1
1202,530036.0,0,1
1203,580008.0,0,1
1204,570009.0,0,3
1205,550032.0,0,2
1206,580031.0,0,1
1207,570025.0,0,3
1208,517425.0,0,1
1209,566050.0,0,1
1210,781006.0,0,1
1211,583231.0,0,2
1212,556002.0,0,1
1213,540044.0,0,1
1214,400053.0,0,1
1215,566008.0,0,1
1216,641014.0,0,1
1217,400074.0,0,1
1218,580043.0,0,1
1219,572217.0,0,1
1220,500092.0,0,3
1221,491001.0,0,1
1222,390002.0,0,1
1223,656009.0,0,1
1224,635124.0,0,1
1225,577228.0,0,1
1226,580001.0,0,1
1227,396171.0,0,1
1228,650075.0,0,1
1229,590019.0,0,1
1230,459911.0,0,1
1231,571425.0,0,1
1232,412105.0,0,1
1233,577552.0,0,1
1234,571475.0,0,1
1235,560900.0,0,1
1236,581301.0,0,1
1237,632602.0,0,2
1238,460045.0,0,1
1239,515871.0,0,1
1240,561056.0,0,1
1241,635653.0,0,1
1242,571123.0,0,2
1243,530073.0,0,1
1244,560206.0,0,1
1245,400067.0,0,1
1246,660094.0,0,1
1247,580002.0,0,1
1248,425127.0,0,1
1249,507001.0,0,1
1250,590038.0,0,1
1251,570084.0,0,2
1252,400088.0,0,1
1253,262803.0,0,1
1254,500040.0,0,2
1255,590097.0,0,1
1256,590060.0,0,1
1257,572133.0,0,2
1258,560501.0,0,1
1259,562187.0,0,1
1260,560981.0,0,1
1261,566039.0,0,1
1262,500043.0,0,1
1263,583130.0,0,1
1264,570086.0,0,1
1265,460098.0,0,1
1266,590032.0,0,1
1267,580040.0,0,1
1268,625006.0,0,1
1269,760108.0,0,1
1270,560835.0,0,1
1271,570039.0,0,1
1272,160066.0,0,1
1273,400237.0,0,1
1274,560839.0,0,1
1275,560948.0,0,1
1276,851129.0,0,1
1277,732138.0,0,1
1278,566016.0,0,1
1279,844776.0,0,1
1280,411041.0,0,1
1281,560658.0,0,1
1282,110034.0,0,1
1283,550075.0,0,1
1284,396230.0,0,1
1285,560858.0,0,1
1286,560997.0,0,1
1287,515211.0,0,1
1288,510032.0,0,1
1289,571342.0,0,1
1290,565010.0,0,1
1291,382443.0,0,1
1292,462120.0,0,1
1293,600369.0,0,1
1294,577518.0,0,1
1295,534111.0,0,1
1296,573123.0,0,1
1297,561149.0,0,1
1298,546072.0,0,1
1299,638001.0,0,1
1300,550068.0,0,2
1301,560991.0,0,1
1302,581211.0,0,2
1303,621108.0,0,1
1304,515271.0,0,1
1305,572175.0,0,1
1306,577006.0,0,1
1307,111111.0,0,1
1308,500114.0,0,1
1309,581401.0,0,1
1310,116616.0,0,1
1311,140603.0,0,1
1312,566090.0,0,1
1313,571807.0,0,1
1314,583137.0,0,1
1315,573164.0,0,1
1316,515110.0,0,2
1317,110092.0,0,1
1318,635113.0,0,1
1319,567800.0,0,1
1320,566001.0,0,1
1321,570102.0,0,1
1322,562300.0,0,1
1323,562002.0,0,2
1324,590046.0,0,1
1325,586009.0,0,1
1326,566064.0,0,3
1327,567078.0,0,1
1328,580024.0,0,1
1329,566684.0,0,1
1330,400610.0,0,1
1331,581148.0,0,1
1332,591124.0,0,1
1333,587112.0,0,1
1334,585415.0,0,1
1335,566216.0,0,1
1336,577524.0,0,1
1337,560155.0,0,1
1338,581355.0,0,1
1339,560133.0,0,1
1340,570094.0,0,3
1341,583219.0,0,1
1342,572119.0,0,1
1343,526160.0,0,1
1344,637100.0,0,1
1345,576217.0,0,1
1346,582102.0,0,1
1347,260068.0,0,1
1348,650035.0,0,1
1349,625532.0,0,1
1350,569032.0,0,1
1351,569958.0,0,1
1352,561216.0,0,1
1353,566076.0,0,1
1354,586212.0,0,1
1355,540040.0,0,1
1356,121001.0,0,1
1357,577222.0,0,2
1358,500070.0,0,2
1359,561057.0,0,1
1360,650008.0,0,2
1361,560954.0,0,1
1362,502300.0,0,1
1363,591125.0,0,1
1364,562143.0,0,1
1365,550043.0,0,1
1366,573121.0,0,2
1367,573225.0,0,2
1368,561125.0,0,2
1369,517424.0,0,1
1370,517001.0,0,1
1371,574231.0,0,1
1372,678014.0,0,1
1373,695010.0,0,1
1374,577523.0,0,1
1375,566002.0,0,2
1376,10.0,0,1
1377,411021.0,0,1
1378,564010.0,0,1
1379,506613.0,0,1
1380,380009.0,0,1
1381,635203.0,0,2
1382,573135.0,0,1
1383,562316.0,0,1
1384,781022.0,0,1
1385,800024.0,0,1
1386,566210.0,0,1
1387,360050.0,0,1
1388,583282.0,0,1
1389,572221.0,0,4
1390,576006.0,0,1
1391,620100.0,0,1
1392,450092.0,0,1
1393,574143.0,0,1
1394,500003.0,0,1
1395,563159.0,0,1
1396,518501.0,0,1
1397,566006.0,0,3
1398,583126.0,0,1
1399,577418.0,0,1
1400,380015.0,0,1
1401,396424.0,0,1
1402,460076.0,0,1
1403,742189.0,0,1
1404,571442.0,0,2
1405,580087.0,0,1
1406,500034.0,0,1
1407,512162.0,0,1
1408,331303.0,0,1
1409,583127.0,0,1
1410,600026.0,0,1
1411,395007.0,0,1
1412,577168.0,0,2
1413,506102.0,0,1
1414,550091.0,0,1
1415,660083.0,0,1
1416,520027.0,0,1
1417,577432.0,0,1
1418,569073.0,0,1
1419,550100.0,0,1
1420,571476.0,0,1
1421,607204.0,0,1
1422,670067.0,0,1
1423,580089.0,0,1
1424,581203.0,0,1
1425,110033.0,0,1
1426,540046.0,0,2
1427,526106.0,0,2
1428,560160.0,0,3
1429,560843.0,0,1
1430,590036.0,0,1
1431,566094.0,0,1
1432,500094.0,0,1
1433,562601.0,0,1
1434,569078.0,0,1
1435,560947.0,0,2
1436,568826.0,0,1
1437,650072.0,0,1
1438,636809.0,0,1
1439,560972.0,0,1
1440,575022.0,0,1
1441,585301.0,0,1
1442,759019.0,0,1
1443,577217.0,0,3
1444,550002.0,0,1
1445,650092.0,0,1
1446,403702.0,0,1
1447,571811.0,0,1
1448,530032.0,0,1
1449,758016.0,0,1
1450,581208.0,0,1
1451,450075.0,0,1
1452,620002.0,0,1
1453,571490.0,0,1
1454,572223.0,0,1
1455,560945.0,0,2
1456,571602.0,0,1
1457,570054.0,0,1
1458,550064.0,0,2
1459,691531.0,0,1
1460,568829.0,0,1
1461,575017.0,0,1
1462,566085.0,0,1
1463,678001.0,0,1
1464,307030.0,0,1
1465,637001.0,0,1
1466,568843.0,0,1
1467,411045.0,0,1
1468,576235.0,0,1
1469,570092.0,0,1
1470,600040.0,0,1
1471,460046.0,0,1
1472,341513.0,0,1
1473,562113.0,0,1
1474,503111.0,0,1
1475,577102.0,0,1
1476,636309.0,0,1
1477,563003.0,0,1
1478,281403.0,0,1
1479,600036.0,0,1
1480,590015.0,0,1
1481,600091.0,0,1
1482,575079.0,0,1
1483,560146.0,0,1
1484,583103.0,0,1
1485,515231.0,0,1
1486,506021.0,0,1
1487,569943.0,0,1
1488,574142.0,0,1
1489,577413.0,0,1
1490,581331.0,0,1
1491,562049.0,0,1
1492,574279.0,0,1
1493,580086.0,0,1
1494,571104.0,0,1
1495,569038.0,0,1
1496,565026.0,0,1
1497,600050.0,0,1
1498,605010.0,0,1
1499,680741.0,0,1
1500,641023.0,0,1
1501,401208.0,0,1
1502,636805.0,0,1
1503,660058.0,0,1
1504,573122.0,0,1
1505,560134.0,0,1
1506,600117.0,0,1
1507,516002.0,0,1
1508,573119.0,0,1
1509,851131.0,0,1
1510,526023.0,0,1
1511,570098.0,0,1
1512,660068.0,0,1
1513,586001.0,0,1
1514,562169.0,0,1
1515,635752.0,0,1
1516,652125.0,0,1
1517,526157.0,0,1
1518,560214.0,0,1
1519,518176.0,0,1
1520,550011.0,0,1
1521,500053.0,0,1
1522,506676.0,0,1
1523,585436.0,0,1
1524,577229.0,0,1
1525,567117.0,0,1
1526,567079.0,0,1
1527,650084.0,0,1
1528,575028.0,0,1
1529,160394.0,0,1
1530,569985.0,0,2
1531,580027.0,0,1
1532,560163.0,0,1
1533,585325.0,0,1
1534,450059.0,0,1
1535,561102.0,0,1
1536,570083.0,0,1
1537,343021.0,0,1
1538,403001.0,0,1
1539,833201.0,0,1
1540,576231.0,0,1
1541,753001.0,0,1
1542,571302.0,0,1
1543,656045.0,0,1
1544,560935.0,0,1
1545,580049.0,0,1
1546,583119.0,0,1
1547,360072.0,0,1
1548,586006.0,0,1
1549,460062.0,0,1
1550,561130.0,0,1
1551,201301.0,0,1
1552,586120.0,0,1
1553,562221.0,0,1
1554,660079.0,0,1
1555,606905.0,0,1
1556,590094.0,0,1
1557,572115.0,0,2
1558,550079.0,0,1
1559,586109.0,0,1
1560,571403.0,0,2
1561,500013.0,0,1
1562,580047.0,0,1
1563,577233.0,0,1
1564,581207.0,0,1
1565,565000.0,0,1
1566,571116.0,0,1
1567,571810.0,0,1
1568,577545.0,0,1
1569,570031.0,0,1
1570,572226.0,0,1
1571,711312.0,0,1
1572,569001.0,0,1
1573,574320.0,0,1
1574,343301.0,0,1
1575,566678.0,0,1
1576,500039.0,0,1
1577,867548.0,0,1
1578,563167.0,0,1
1579,580065.0,0,1
1580,582129.0,0,1
1581,596005.0,0,1
1582,562099.0,0,2
1583,563103.0,0,1
1584,571313.0,0,1
1585,562194.0,0,1
1586,590073.0,0,1
1587,572228.0,0,1
1588,560827.0,0,1
1589,587206.0,0,1
1590,560223.0,0,1
1591,560140.0,0,1
1592,636111.0,0,1
1593,576234.0,0,1
1594,768201.0,0,1
1595,580020.0,0,1
1596,600030.0,0,1
1597,110093.0,0,1
1598,422011.0,0,1
1599,670043.0,0,1
1600,600032.0,0,1
1601,306421.0,0,1
1602,577589.0,0,1
1603,500023.0,0,1
1604,560142.0,0,1
1605,575004.0,0,1
1606,562257.0,0,1
1607,560605.0,0,1
1608,635851.0,0,1
1609,556003.0,0,1
1610,576233.0,0,1
1611,574118.0,0,1
1612,734006.0,0,1
1613,502285.0,0,1
1614,600097.0,0,1
1615,587203.0,0,1
1616,581402.0,0,1
1617,503165.0,0,1
1618,260105.0,0,1
1619,660091.0,0,1
1620,632503.0,0,1
1621,632505.0,0,1
1622,682020.0,0,1
1623,501401.0,0,1
1624,575027.0,0,1
1625,586119.0,0,1
1626,400037.0,0,1
1627,360091.0,0,1
1628,580093.0,0,2
1629,602106.0,0,1
1630,580068.0,0,1
1631,678651.0,0,1
1632,760099.0,0,2
1633,571474.0,0,1
1634,583277.0,0,1
1635,762015.0,0,1
1636,606803.0,0,1
1637,571502.0,0,1
1638,343263.0,0,1
1639,560209.0,0,1
1640,576107.0,0,1
1641,587125.0,0,1
1642,400705.0,0,1
1643,590023.0,0,1
1644,571448.0,0,1
1645,230004.0,0,1
1646,506105.0,0,1
1647,580070.0,0,1
1648,587101.0,0,2
1649,574229.0,0,1
1650,530064.0,0,1
1651,560956.0,0,1
1652,600037.0,0,1
1653,683542.0,0,1
1654,342601.0,0,1
1655,121010.0,0,1
1656,382427.0,0,1
1657,591263.0,0,1
1658,500090.0,0,1
1659,566032.0,0,1
1660,571439.0,0,1
1661,580084.0,0,1
1662,532107.0,0,1
1663,260027.0,0,2
1664,590020.0,0,1
1665,600029.0,0,1
1666,650068.0,0,1
1667,562230.0,0,1
1668,260082.0,0,1
1669,576210.0,0,1
1670,526125.0,0,1
1671,560856.0,0,1
1672,582209.0,0,1
1673,583278.0,0,1
1674,564112.0,0,1
1675,564042.0,0,1
1676,312605.0,0,1
1677,125055.0,0,1
1678,413567.0,0,1
1679,192401.0,0,1
1680,562406.0,0,1
1681,570032.0,0,1
1682,563002.0,0,1
1683,517112.0,0,1
1684,585215.0,0,1
1685,560959.0,0,1
1686,573219.0,0,1
1687,460095.0,0,1
1688,561157.0,0,1
1689,500029.0,0,1
1690,605003.0,0,1
1691,573210.0,0,1
1692,566084.0,0,1
1693,635121.0,0,1
1694,650045.0,0,1
1695,590090.0,0,1
1696,660001.0,0,1
1697,580064.0,0,1
1698,560998.0,0,1
1699,560926.0,0,1
